PID,Episode,Reward
36941,1,2096.473531049735
36942,1,1297.8332838973445
36944,1,748.874885172828
36943,1,596.7144843961164
36940,1,397.0716408654689
36941,2,2103.1500788743638
36942,2,761.7243282742901
36941,3,2102.6200999423654
36944,2,1362.5760064219771
36943,2,664.2892916434976
36940,2,260.08108557478397
36942,3,2096.847172026142
36941,4,2100.3347314509792
36944,3,1356.0557693039962
36941,5,2101.1449480908636
36943,3,500.4035715946501
36942,4,1521.1090883950937
36940,3,222.17403185714656
36944,4,1253.856789353098
36941,6,2100.531528846659
36942,5,1160.6411623713427
36943,4,505.996046846062
36941,7,2102.5348753374437
36940,4,196.55375197973436
36944,5,836.7292488736491
36942,6,2089.197801286927
36941,8,2102.9372399715135
36943,5,544.5088811680206
36941,9,2081.773332801619
36942,7,1180.0793015599359
36940,5,323.8042114796831
36944,6,607.9726243506452
36941,10,2065.4502144908597
36943,6,770.22826214457
36942,8,1122.4931086092529
36944,7,762.5238868723148
36941,11,2068.0211762107365
36940,6,248.27330281013727
36942,9,1515.9991131715462
36941,12,2073.025849855955
36943,7,718.3379036630269
36944,8,910.1227126790653
36940,7,356.45771142198
36941,13,2071.88903377283
36942,10,1274.9023432359734
36941,14,2069.120219800144
36943,8,473.35965252178124
36944,9,716.8652554511929
36942,11,2092.0317088928728
36940,8,346.43274496344355
36941,15,2099.8744836764713
36942,12,2094.577945356582
36944,10,2051.5538978875156
36943,9,564.8175523222772
36941,16,2099.2875533917145
36942,13,2098.7966542055865
36940,9,269.4896113163689
36944,11,754.7920875069645
36941,17,2105.368807533708
36942,14,2088.9055551172996
36943,10,720.148816471086
36941,18,1709.6740453168534
36942,15,2094.151927956379
36940,10,291.3661349291978
36944,12,359.5903466217
36943,11,938.4972199399592
36941,19,2067.8304005653163
36942,16,579.0912112610744
36944,13,1327.0304768935657
36941,20,2096.5345502163173
36940,11,364.69150827347
36943,12,691.0012292673662
36941,21,2072.851698038042
36942,17,1264.7780025807401
36944,14,711.4262037377489
36941,22,2105.807832542427
36940,12,313.67316069945394
36943,13,524.060802145831
36942,18,1578.5287365599643
36941,23,2205.7139749271587
36944,15,584.8667276395922
36941,24,2222.9107999870052
36940,13,391.19827076845235
36943,14,543.724395416872
36942,19,507.9378230633451
36944,16,1577.1461593786987
36941,25,2177.3066396942086
36943,15,1242.4015675116107
36940,14,407.3695856523603
36941,26,2210.2877660830154
36942,20,441.3966588399398
36944,17,872.0085358057336
36943,16,1269.9781227122928
36941,27,1247.2080169696692
36940,15,318.888127539528
36942,21,466.0956666149046
36944,18,728.5207345943455
36941,28,2241.221530612914
36943,17,654.7908729391257
36941,29,2228.717463306801
36940,16,325.5882038692157
36944,19,893.7304362736602
36942,22,557.6282814559478
36943,18,747.6057129661855
36941,30,2205.317293167901
36944,20,614.9377905581126
36941,31,2153.112553867225
36940,17,417.4667128323616
36942,23,626.3609100607376
36943,19,588.7262463501145
36941,32,2240.6257736406365
36944,21,593.5723485533376
36942,24,580.3010230190002
36940,18,332.52955347832875
36941,33,2244.642956848349
36943,20,604.6189089894744
36941,34,2187.728165452248
36944,22,691.7675938911439
36942,25,496.22898446704085
36940,19,298.87084788187684
36943,21,649.9390599041249
36941,35,2245.2177580408575
36944,23,551.4983576785552
36941,36,2245.0693048775497
36942,26,412.91721777472816
36940,20,389.02455297452
36943,22,550.8414744127978
36941,37,2242.8836213848817
36944,24,732.8350381806744
36941,38,2242.7021636715317
36942,27,579.8872764410238
36940,21,273.573287287737
36943,23,678.937688187244
36941,39,2235.091372879527
36944,25,676.7476073002605
36941,40,2219.4084431512947
36942,28,635.6156890974142
36940,22,378.8818269930748
36943,24,542.8190792957871
36941,41,2218.7020702335344
36944,26,491.0746327077215
36942,29,557.7410822294493
36940,23,283.31933421010126
36941,42,2222.2433462932718
36943,25,588.420595619042
36944,27,1457.7689751282069
36941,43,2244.1360204563907
36942,30,674.3101260484075
36944,28,1296.7367786383443
36943,26,464.30968047643
36940,24,342.9347134059764
36941,44,2242.2847913168816
36941,45,2241.550823886238
36942,31,503.72581955593165
36944,29,658.9583142429772
36943,27,563.5141784908963
36940,25,380.1674829129396
36941,46,2246.241212579705
36942,32,489.83407770790103
36941,47,2246.3381870605167
36944,30,682.9697793601947
36943,28,610.4779290352203
36940,26,244.3712740790438
36941,48,2240.490007197708
36944,31,1293.3795894689001
36942,33,585.5933051426404
36943,29,596.9230348159273
36941,49,2227.060232084798
36940,27,301.6420482516587
36944,32,2192.4081991348226
36942,34,1242.2859089472545
36943,30,602.0564219480327
36941,50,192.65574621815554
36940,28,323.5923668361457
36944,33,619.7241714174738
36942,35,459.1930068640733
36943,31,542.1796942454264
36941,51,195.72053701806433
36940,29,455.4208306336875
36944,34,542.7060776612226
36942,36,481.7126006717197
36941,52,2242.094648784792
36943,32,547.3973472748431
36944,35,489.60967080065353
36941,53,2194.1415511019777
36940,30,456.29220466389813
36942,37,556.7052534082501
36941,54,2244.231183422817
36943,33,463.2204022426471
36944,36,1284.4620488640148
36940,31,306.6586069481504
36941,55,2244.9987719210735
36942,38,554.9025568430264
36943,34,1078.2197868088915
36941,56,2244.6196108865756
36944,37,482.9032326137675
36940,32,362.53012194656304
36942,39,580.1682062437446
36941,57,2241.0308009415
36943,35,650.9341759523679
36944,38,1344.451837315035
36941,58,2241.231092233833
36940,33,621.7153876404456
36942,40,460.7951670333546
36941,59,2240.595535424995
36943,36,599.1354001372328
36944,39,673.2610151735349
36941,60,2239.158858244959
36942,41,583.1985379962755
36940,34,642.0226746219564
36944,40,1314.0339821990988
36943,37,610.1695310096451
36941,61,2240.868691446815
36944,41,2011.389587452077
36941,62,2240.6575903237995
36942,42,577.6262606683873
36940,35,649.4624081341992
36943,38,872.689625397027
36941,63,2241.794110012084
36944,42,464.3594470352592
36942,43,866.9390251953131
36941,64,2240.3189173201636
36940,36,648.4093210520748
36943,39,877.8359577500104
36941,65,2240.3807016488972
36944,43,862.925896196037
36942,44,777.0414723810095
36940,37,648.0019664348359
36941,66,2244.1333856123742
36943,40,887.5678627328215
36944,44,752.3691553240792
36941,67,2243.1013639011585
36942,45,749.4122342327233
36940,38,639.0078505633654
36944,45,2215.5710811074864
36943,41,818.1253511080066
36941,68,2247.5675422945874
36941,69,2243.0027620378883
36942,46,882.7294061267567
36944,46,1355.430521245915
36943,42,888.0701320132595
36940,39,643.6781386033404
36941,70,2243.0203766028717
36944,47,951.0545974237984
36942,47,766.1618928883094
36941,71,2241.3352417913316
36943,43,903.8787778267165
36940,40,653.1308058553534
36941,72,2252.4225099597015
36944,48,722.1941462831331
36942,48,765.3538901807902
36943,44,825.3352539046494
36941,73,2291.3050391459174
36940,41,634.1733618484162
36944,49,2241.28061625431
36941,74,2288.9772041132574
36942,49,777.6036499630558
36943,45,766.2683895706174
36944,50,1496.0333381266237
36941,75,2289.6967788467373
36940,42,648.5403662268923
36941,76,2286.394780447557
36942,50,1053.5188212906073
36943,46,979.1078920006119
36944,51,1025.8853286700455
36940,43,635.26301474718
36941,77,2292.5524437670706
36942,51,771.0247486512612
36944,52,1430.486822084392
36941,78,2293.1583125894895
36943,47,977.649518353053
36940,44,653.6444070862319
36941,79,2289.2303294990043
36942,52,767.9935473079591
36944,53,907.9570761938617
36943,48,876.3767563497713
36941,80,2298.3217648437612
36940,45,653.2795964110915
36941,81,2295.5888376204275
36944,54,906.3296740181379
36942,53,755.0947273228991
36943,49,817.6630318522663
36940,46,646.8879582836781
36941,82,547.5197299270334
36944,55,1111.6506199859336
36942,54,771.9962380026891
36943,50,989.4524587360797
36940,47,637.3575039896426
36944,56,914.6101372463858
36941,83,186.46564875528674
36943,51,1418.0874975632412
36942,55,1051.9998668393039
36941,84,2280.4460159317373
36943,52,1526.6681757556894
36940,48,639.6848254605222
36944,57,646.4946589835505
36942,56,775.3904077077248
36941,85,2291.522863926363
36941,86,2287.0857987594727
36943,53,778.0806149408214
36940,49,638.4639043190375
36944,58,1023.3668283021582
36942,57,754.866857205552
36941,87,2292.4662407738965
36944,59,1427.3376047137388
36943,54,829.2460830077313
36941,88,2279.9260963927304
36940,50,645.1092104281855
36942,58,860.5684364367294
36941,89,2286.5353358488724
36944,60,1087.8033961018696
36943,55,811.9178068879863
36940,51,650.5881196090949
36941,90,2291.5480030177587
36942,59,781.0917682273764
36944,61,2241.1577375701654
36941,91,2291.7876237506603
36943,56,1280.9773597724559
36942,60,890.4061353270984
36940,52,643.5784066539801
36941,92,2275.617359673721
36944,62,1108.2009995994677
36943,57,816.294199283543
36941,93,2266.3442253831736
36942,61,1020.635645110104
36944,63,1325.3938370738585
36940,53,644.9710100654362
36941,94,2285.8801791042947
36943,58,820.6651480661004
36942,62,1408.9043625971788
36941,95,2287.2335430971266
36944,64,1030.2050590437075
36940,54,644.4048902987936
36941,96,2291.3377595375737
36943,59,811.72056913614
36942,63,1055.6465313306205
36944,65,999.4553410472719
36941,97,2287.0931840362273
36940,55,648.133272399427
36941,98,2290.6142011508487
36943,60,826.4980822412425
36942,64,878.1154384112543
36944,66,788.9459863870418
36941,99,2289.5461859635725
36940,56,654.3002860552234
36943,61,820.9267345456627
36942,65,763.078047554357
36941,100,2286.311068971391
36944,67,1109.4377872772586
36941,101,2295.681348521514
36940,57,639.0721104080571
36942,66,851.3838548217673
36943,62,893.7623656515437
36944,68,1091.0350241909541
36941,102,2290.2527306394654
36940,58,643.2286153514804
36941,103,2295.1209528538525
36942,67,760.6638262706637
36943,63,784.4157019200752
36944,69,648.6763732424159
36941,104,2283.424139606027
36940,59,625.3587576039549
36944,70,1511.4208050974055
36941,105,2274.504836489366
36943,64,830.3835931700095
36942,68,767.9167658889259
36941,106,2290.3534360920867
36940,60,649.5114989177937
36943,65,1074.8400587030549
36944,71,889.172363004783
36942,69,771.8686567043861
36941,107,2287.085516144079
36943,66,1402.227492989605
36941,108,2287.5154544909064
36944,72,1018.6493240619723
36940,61,634.0231447308994
36942,70,770.7704419985398
36941,109,2286.816957006653
36943,67,1199.7696251958548
36944,73,896.6693411284389
36941,110,2290.213227545493
36940,62,637.409183655227
36942,71,773.0149531730648
36941,111,2291.998532858821
36944,74,1486.176451412368
36943,68,723.1703988537329
36941,112,2287.4581087206248
36942,72,771.7095342995673
36940,63,651.6531365405732
36941,113,2292.2201474053604
36944,75,781.4032129175099
36943,69,885.8167658382163
36942,73,865.8879964878316
36940,64,626.8121633001429
36941,114,2269.83646333396
36944,76,1108.3954864983593
36943,70,821.8072137725401
36941,115,2293.2963788524926
36942,74,876.1382132325482
36940,65,639.5755787509862
36941,116,2294.8436464796914
36944,77,886.1494571883762
36943,71,897.5158642515776
36941,117,2294.342364668256
36942,75,759.2157651236299
36940,66,641.5375453985366
36944,78,904.0390505271207
36941,118,2287.444987237451
36943,72,829.0743229538051
36942,76,884.4459865646857
36941,119,2274.7730153958682
36940,67,653.989721554708
36944,79,900.3730935888008
36943,73,971.6770636004668
36941,120,2288.5696271593574
36944,80,2150.9377337179085
36942,77,780.8239460931685
36943,74,2202.633522300753
36941,121,2277.5388956370925
36940,68,645.0100825105709
36941,122,2287.267932894651
36943,75,1648.3076431806912
36944,81,907.4487909751309
36942,78,866.0730589045982
36941,123,2289.7099437166003
36940,69,633.6207177064229
36943,76,1957.411691086472
36944,82,1019.5681353103728
36942,79,762.425412820659
36941,124,2289.5473549826015
36943,77,1520.7583403824985
36940,70,651.5111774792324
36941,125,2291.3091092077093
36944,83,898.4015737395546
36942,80,983.326837926101
36941,126,2291.9644939906384
36943,78,1092.449109946505
36940,71,650.0770276588572
36944,84,1564.2847782158394
36941,127,2286.7181667495674
36942,81,778.9644690006944
36944,85,2238.26259441145
36941,128,2291.3353575859455
36943,79,911.0768827098244
36940,72,662.4965088083777
36941,129,2286.8520246028015
36942,82,872.8994318355777
36944,86,898.8120491096436
36943,80,1429.4599597040035
36941,130,2290.7707300576644
36940,73,647.8570774864709
36944,87,1702.2466472429855
36942,83,870.2592169877552
36941,131,2294.5154884453195
36943,81,913.4053618911838
36940,74,653.9473439021958
36941,132,2308.1470503648166
36943,82,1919.552533249651
36944,88,886.3257855856269
36942,84,877.4940028807473
36941,133,2309.476961070074
36943,83,1312.696175486927
36940,75,644.6558184314451
36944,89,905.182649153432
36942,85,776.6926165127992
36941,134,365.32189149998095
36943,84,1109.0410568577977
36940,76,648.1198841211987
36944,90,899.5193822805214
36942,86,866.543323308583
36941,135,454.7736210422764
36943,85,1508.2528130221874
36944,91,1101.3435720710509
36940,77,646.4797637558
36942,87,767.3166856424822
36941,136,2273.04269753497
36943,86,1013.6997196705705
36941,137,2319.568152982338
36944,92,994.8170191908316
36942,88,1090.7177537067198
36940,78,636.6696105894162
36941,138,2311.7731164974207
36943,87,903.3081896583465
36944,93,1217.5292456196673
36941,139,2303.8683734893984
36942,89,759.6377184776965
36940,79,638.0304866006209
36941,140,2313.48285526002
36944,94,1665.244959948103
36943,88,917.6119381689628
36941,141,2306.3577525071664
36942,90,783.9089450639217
36940,80,641.8002148517148
36944,95,1530.4010982258733
36943,89,1420.3519802431726
36941,142,2288.7447507186116
36942,91,829.8125531501728
36944,96,1105.2902732280838
36943,90,1449.9084232276803
36941,143,2296.07957877981
36940,81,618.6293963664561
36941,144,2291.489120554453
36942,92,1340.1334960069958
36943,91,1436.7824827412815
36944,97,939.554703557076
36941,145,2292.9008329942685
36940,82,642.9986548156577
36943,92,1497.083116301315
36942,93,778.195710550542
36941,146,2288.0610029655836
36944,98,1444.1301737495414
36940,83,637.1278401625154
36941,147,2294.7028996787108
36943,93,1614.4870567738533
36942,94,1065.0705438857951
36944,99,817.7983520453347
36941,148,2293.4830954128242
36940,84,635.3307208216324
36943,94,991.3258129079264
36941,149,2289.9459121994546
36944,100,1498.1144833465971
36942,95,875.0436606782702
36941,150,2291.3137960855693
36943,95,1525.3205320957552
36940,85,646.9104438858776
36944,101,1582.639651392767
36942,96,766.4356340402497
36941,151,2291.5699567176403
36943,96,989.7750099752815
36941,152,2289.8364102805676
36944,102,936.3306178427139
36940,86,636.3954669134448
36942,97,772.6642723858257
36941,153,2298.544986529205
36943,97,1655.4288375299066
36944,103,1088.162123669666
36941,154,2289.895913432469
36940,87,641.691081887876
36942,98,754.5103204773665
36943,98,1483.4785977370175
36941,155,2292.4371290032154
36944,104,953.3741262713048
36943,99,2236.6048559772753
36941,156,2296.2602916273236
36942,99,979.463598779966
36940,88,628.3496121346755
36941,157,2286.6607332143963
36943,100,1428.803967847707
36944,105,930.5550952336856
36942,100,882.2510784788575
36941,158,2286.9770752095733
36943,101,2242.4628976927293
36940,89,623.4381790050627
36944,106,929.8642832797217
36941,159,2291.604047690216
36943,102,1436.0307798321253
36942,101,861.4423303205926
36944,107,2240.957496610373
36940,90,648.7895667006823
36941,160,2290.5558276619804
36941,161,2274.5288262927334
36943,103,1301.848973709473
36942,102,769.6500707865952
36944,108,1058.0210235020882
36940,91,636.511247614014
36941,162,2296.0801816958415
36943,104,1650.2208737783951
36941,163,2286.4352155145216
36942,103,765.2801647699363
36944,109,948.0923699163424
36940,92,642.9776101746014
36943,105,1142.4894975466138
36942,104,1409.4225583458021
36941,164,336.64049843784454
36944,110,929.4591332555734
36940,93,650.0359567073334
36943,106,988.3487396328189
36941,165,2234.8748596640953
36942,105,767.1216788909423
36944,111,928.3927218423544
36941,166,2299.988580436694
36943,107,1519.1935118690571
36940,94,639.4288830161373
36941,167,2307.601652527688
36942,106,881.5655811983409
36944,112,1055.3739045040352
36943,108,880.9254242890253
36941,168,2310.2667840932736
36940,95,637.0800335452942
36944,113,1438.7890981912838
36942,107,773.1928686971444
36941,169,2306.941325822126
36943,109,1490.8390720050058
36941,170,2305.4229156829633
36940,96,645.8461169306512
36944,114,930.0427332675458
36942,108,953.4671062379557
36943,110,1493.0920726120933
36941,171,2312.0851058064477
36940,97,632.5359668332959
36941,172,2302.796355749394
36944,115,960.6103826529283
36942,109,861.689921811513
36943,111,1099.8685920773246
36941,173,2299.7941890220154
36940,98,647.0975548627458
36943,112,882.7917827395397
36944,116,666.8375861382663
36942,110,770.5810035102342
36941,174,2296.720937123774
36941,175,2298.542153506002
36942,111,1532.9707829973845
36940,99,656.4070588251351
36943,113,876.6926188079691
36944,117,668.28306819478
36941,176,2316.8993729813733
36944,118,1619.6272610954613
36942,112,778.6813312809418
36941,177,2304.525477843042
36940,100,647.9684846693514
36943,114,779.9032370664706
36941,178,2308.555352749704
36944,119,827.2073860543428
36942,113,785.8666603468871
36941,179,2311.47977744919
36943,115,774.6436884702312
36940,101,655.4487345657582
36941,180,2312.143075700027
36944,120,1522.1763486190982
36942,114,787.7157348909677
36943,116,761.3651877471456
36940,102,643.8416844675411
36941,181,2304.9963966755136
36944,121,917.5111672900944
36941,182,2318.5354890217686
36942,115,903.7718351722477
36943,117,771.558562822146
36940,103,637.4685742634539
36941,183,2308.2278539275853
36944,122,1134.1662531581067
36942,116,780.9066518666691
36941,184,2302.788661634236
36943,118,886.0694992070784
36940,104,657.130779117973
36941,185,2315.4862467558582
36944,123,920.9338559842666
36942,117,778.9263866793106
36943,119,781.5285196045884
36941,186,2340.0365125351805
36940,105,652.3350573690967
36944,124,1048.5832792092851
36941,187,2335.469209209311
36942,118,774.4173176944012
36943,120,753.591721395313
36941,188,2335.1004030585223
36940,106,660.3530329342929
36944,125,803.8512981205498
36943,121,1901.861220850945
36941,189,2334.956969888501
36942,119,778.8066518665028
36944,126,1100.1315528036323
36941,190,2331.677182563176
36940,107,651.8614022564319
36943,122,1485.9999602526964
36942,120,777.0944904342587
36941,191,2334.9900042949057
36944,127,662.3789127830865
36940,108,652.357289025394
36941,192,2328.600867280699
36943,123,878.89352638104
36942,121,784.0517095083234
36941,193,2328.760850445681
36944,128,817.5748860372578
36940,109,688.5035910309736
36943,124,904.9385331899445
36941,194,2335.380170044179
36942,122,781.09656301217
36941,195,2333.5163607567065
36944,129,1052.8170864233814
36940,110,757.1734524493645
36943,125,631.9535247784569
36941,196,2337.865859061075
36942,123,781.3148385472286
36944,130,722.4468353417718
36941,197,2333.836247881638
36943,126,894.6496795212366
36940,111,741.0278980702757
36942,124,881.607141519629
36941,198,2334.322526150694
36943,127,1485.1062099049186
36944,131,738.6852603223655
36941,199,2337.7014257709243
36940,112,688.6693998637525
36942,125,875.6512833525146
36941,200,2336.6918660027645
36943,128,922.8294662191703
36944,132,945.531602090076
36940,113,698.5108250741422
36941,201,2333.602164332401
36942,126,775.409045436442
36943,129,1423.4563078723515
36941,202,2336.009625978227
36944,133,1045.004983602152
36940,114,753.0770497777875
36942,127,877.6108583630975
36941,203,2328.6526882084645
36943,130,1111.7510809626879
36944,134,741.499073651339
36941,204,2333.167380522717
36943,131,2240.92487707328
36940,115,731.2134915566148
36942,128,774.6229749899716
36941,205,2331.127776647767
36944,135,736.6190770661646
36943,132,1489.8997380037001
36941,206,2327.8223903082967
36940,116,701.5366931424423
36942,129,788.1749151623444
36941,207,2339.5835412576357
36943,133,1430.7889767923843
36944,136,738.434559686406
36941,208,2338.584997431342
36942,130,778.0075945061147
36940,117,714.8488455730734
36943,134,1490.7959099810905
36941,209,2334.882506847189
36944,137,1119.9579740429322
36943,135,1695.6289389934693
36941,210,2344.904692643297
36942,131,775.8977006356272
36940,118,747.6447770824874
36944,138,737.3342590319596
36943,136,2244.384896480128
36941,211,2341.98082708094
36942,132,880.469468517448
36940,119,731.4619292353517
36941,212,2334.8786905480465
36943,137,877.9656363975009
36944,139,734.6106439998472
36941,213,2322.565215555374
36942,133,781.6066518665034
36940,120,710.2415546203042
36941,214,2331.5399859955296
36943,138,897.7219740965481
36944,140,744.2027021478857
36941,215,2338.0900375928263
36942,134,781.5646204440092
36940,121,710.7706988623589
36941,216,2333.902102443636
36943,139,908.0135713612689
36944,141,739.2998403784082
36941,217,2330.675671922173
36942,135,777.8953696696626
36940,122,748.5293017554907
36943,140,879.8810551738277
36944,142,1054.0708008009747
36941,218,2341.1814710107737
36942,136,1616.5863269800448
36941,219,2320.51679676532
36940,123,734.2795604180917
36944,143,1055.9327154584994
36943,141,761.9732640238012
36941,220,2332.048775676732
36942,137,884.0798493779338
36941,221,2329.448919860412
36940,124,678.7650755901808
36943,142,989.0408046800219
36944,144,829.1052563796676
36942,138,874.2053972867054
36941,222,2331.649956500347
36943,143,1549.7413899124258
36944,145,1476.7910249677952
36940,125,695.3771718939672
36941,223,2337.1146889487095
36942,139,1111.6414371884196
36941,224,2326.703171007694
36943,144,1076.6443577977068
36944,146,1008.857104914303
36940,126,752.8086304068939
36942,140,1060.5274943679879
36941,225,2332.067337282536
36943,145,1420.8692973573757
36941,226,2329.404024680319
36944,147,903.5769616200159
36940,127,767.7801504094999
36942,141,779.1628706266558
36943,146,1738.5202303967587
36941,227,2338.197455798031
36944,148,935.7474122046143
36941,228,2333.548273120421
36942,142,881.4149372791463
36940,128,738.5935471613666
36943,147,1004.4493640276903
36941,229,2335.6131203855025
36944,149,933.8494312711846
36941,230,2331.364140088726
36942,143,771.9469722849511
36943,148,894.4243111509865
36940,129,749.5686705226266
36941,231,2331.015351096991
36944,150,826.4857252673252
36943,149,1696.5302483303362
36942,144,989.4710966957496
36941,232,2334.2558827287503
36940,130,713.5648676894748
36944,151,1060.6555722498251
36941,233,2334.80386119565
36943,150,880.4809058037572
36942,145,888.4375780207062
36940,131,728.7157316327017
36941,234,2329.6623040023405
36944,152,941.2290219561959
36943,151,1518.236689606891
36941,235,2330.65790222537
36942,146,880.5870059140287
36940,132,698.7480422577909
36941,236,2329.42614343124
36943,152,1432.788872014304
36944,153,1059.0249323786763
36942,147,785.6278801621097
36941,237,2335.166843708853
36943,153,1420.1679110093519
36940,133,714.1487677379612
36944,154,815.7732735326442
36941,238,2335.865248595927
36942,148,879.3793761909657
36943,154,1515.0053742273753
36941,239,2331.068582268382
36940,134,728.8034478476558
36944,155,932.4966684167068
36941,240,2333.4347890649547
36942,149,781.6066519571701
36943,155,1428.383303755665
36941,241,2334.8816440683054
36944,156,1070.2398750510488
36940,135,751.9234633725232
36943,156,1081.7873083209097
36941,242,2333.8509852284633
36942,150,876.8569080486698
36943,157,2253.55058777775
36941,243,2337.6153067536243
36944,157,831.2893034461651
36940,136,757.6324328046929
36942,151,1343.6505993558576
36941,244,2336.983576922218
36943,158,1428.3665900204924
36944,158,1064.9193958623368
36941,245,2339.421300795248
36940,137,748.9964571264992
36942,152,774.8613584176927
36944,159,2290.994213564467
36941,246,2334.5219072997656
36943,159,885.9045646834411
36940,138,773.8011939827992
36941,247,2333.09355820724
36942,153,779.6264240558189
36944,160,944.8580407752098
36943,160,885.7245763398554
36941,248,2338.438464688052
36942,154,1341.667879754483
36940,139,776.3430685920074
36944,161,1052.1705606468345
36941,249,2339.8531777002495
36943,161,782.3570387482528
36942,155,1341.692078700339
36941,250,2338.8940017319364
36940,140,770.2448790544933
36944,162,1053.0283538244155
36941,251,2324.594781326958
36943,162,637.2853133494808
36942,156,778.1066518665034
36941,252,2339.6440484967356
36944,163,1113.918891490537
36940,141,767.709566260398
36943,163,1525.3749684129123
36941,253,2337.244197215068
36942,157,779.5066518665041
36944,164,1070.4641520605348
36941,254,2336.7629406679275
36943,164,1512.364567489801
36940,142,755.9596420290316
36941,255,2336.963076366118
36942,158,872.4910330916422
36944,165,1154.6046785045692
36943,165,904.5819369652938
36941,256,2337.8914579869897
36940,143,746.8758591044906
36942,159,887.6148042701301
36941,257,2333.5072934949985
36944,166,939.253132238778
36943,166,903.3088925230156
36941,258,2342.5628863936936
36940,144,750.7303002095306
36944,167,1755.2955995978937
36942,160,776.5816370657852
36941,259,2333.7762316401454
36943,167,897.5933878820989
36944,168,2113.9260723147013
36940,145,746.4860717099101
36941,260,2335.342732625247
36942,161,780.1556598384524
36943,168,1494.3182641452936
36941,261,2331.445086808086
36944,169,740.6331488845464
36940,146,758.5514544507027
36941,262,2335.297638588031
36942,162,877.9097027774534
36943,169,1146.0937027518323
36941,263,2338.793598130204
36944,170,751.1030922148944
36940,147,772.260849407253
36943,170,1423.309848888634
36942,163,779.6638287638772
36941,264,2341.4665317739696
36944,171,1055.7602185208061
36941,265,2337.0038488273904
36940,148,772.6788715256858
36943,171,890.9361023339168
36942,164,984.4367047188224
36941,266,2328.9803434168048
36944,172,1147.5249181874683
36941,267,2330.536285206573
36943,172,1143.326225550248
36940,149,754.3650595319571
36942,165,786.6649741423172
36944,173,1066.7034816031437
36941,268,2334.143104921448
36943,173,1568.8707745867293
36941,269,2333.9436630728
36940,150,764.286428679965
36942,166,883.9411753287795
36944,174,1045.9614297120847
36943,174,1580.3233737812504
36941,270,2333.45471245641
36942,167,775.3838795094824
36940,151,736.5872067330055
36941,271,2335.03451985048
36943,175,1900.0225499183298
36944,175,933.6103841460789
36941,272,2329.549219056943
36944,176,1382.3394953708726
36942,168,881.3972427571312
36940,152,759.0694655176387
36943,176,892.925957629714
36941,273,2324.7127235778794
36941,274,2336.4885173706416
36944,177,943.9552683500327
36943,177,1338.6541877472416
36942,169,770.6244733307526
36940,153,753.1677165434425
36941,275,2334.7868799047574
36944,178,1708.7136278151443
36942,170,1348.7663179123424
36943,178,1107.905631974993
36941,276,2331.6699341885756
36940,154,758.5590913617041
36941,277,2333.6188875303314
36944,179,943.1147828207851
36943,179,1511.2494186351946
36942,171,780.82314180097
36941,278,2338.7854329059755
36940,155,742.1294833221535
36944,180,937.6669160824958
36941,279,2335.0672913529306
36943,180,894.1309553078444
36942,172,781.3880059129845
36941,280,2332.9225656437366
36940,156,749.2428637369117
36943,181,1493.7961881505903
36944,181,932.8448230435396
36941,281,2334.1492185327243
36942,173,781.8223919801226
36940,157,756.9607950646734
36941,282,2334.9939551428015
36943,182,773.2803283665133
36944,182,932.4071368027858
36942,174,779.5066518665029
36941,283,2336.5610299031077
36943,183,1423.260082511846
36940,158,750.4693097913397
36944,183,1076.9250165148453
36941,284,2328.546851584778
36942,175,1408.6085703899732
36941,285,2339.8978204700584
36944,184,1759.526269778067
36943,184,896.3580307074228
36940,159,755.9479518006658
36942,176,873.1652681290758
36941,286,2337.7218195566807
36943,185,2238.805192323885
36944,185,954.0704183797353
36941,287,2332.077737539219
36940,160,754.8953941844627
36942,177,954.4093343541957
36941,288,2338.1216078795787
36943,186,1077.0635888277454
36944,186,1473.6909046663845
36941,289,2331.7240275473937
36940,161,735.6942041042502
36942,178,784.7112925676969
36943,187,1504.4360567061399
36944,187,1057.8303954130472
36941,290,2336.030871990972
36943,188,1652.3640947087265
36941,291,2333.3405017650907
36942,179,776.6157112323303
36940,162,753.0419626108037
36944,188,1000.9720693888229
36941,292,2335.9724104998795
36943,189,1095.7306752347936
36942,180,779.9622723919366
36944,189,1792.9235733705063
36940,163,757.1419541048075
36941,293,2335.394620974814
36941,294,2343.0600672245505
36943,190,1105.2670799631985
36942,181,1546.2061770401453
36944,190,827.4188053702718
36940,164,737.4129116339071
36941,295,2336.3958486858546
36943,191,785.2989252949359
36941,296,2329.650294301167
36942,182,780.2066518665033
36944,191,881.3879997258406
36940,165,760.2892163637428
36941,297,2334.0767130770782
36943,192,924.790142406889
36942,183,779.5119895392901
36941,298,2328.608096251959
36944,192,1048.3681862525261
36940,166,787.2006206129064
36941,299,2334.550189285891
36943,193,776.8785588029921
36942,184,778.3596020757279
36944,193,950.3112329278761
36941,300,2335.6443399069185
36940,167,781.1814470693243
36941,301,2335.2065756142692
36943,194,896.4662529538364
36942,185,1056.3616149354107
36944,194,816.1275771139593
36941,302,2336.5245600506646
36940,168,781.6489508944563
36943,195,1420.347295043419
36944,195,1709.2298129887622
36942,186,877.6176924993507
36941,303,2333.4184114623104
36941,304,2338.5383606819896
36940,169,787.137515375517
36943,196,1020.2973637183076
36944,196,1027.8179825899279
36942,187,883.9020451381482
36941,305,2339.788810457292
36943,197,1602.0051527190858
36944,197,1474.3688961666671
36940,170,790.2632002605475
36941,306,2338.3356117747976
36942,188,774.7132090433544
36943,198,1427.5758335178875
36941,307,2340.105495967414
36944,198,819.9286681813555
36940,171,781.0581054090667
36941,308,2336.136566016243
36942,189,781.3289256310629
36943,199,1087.227576886646
36941,309,2333.8200606056826
36944,199,1485.7184229509605
36940,172,802.4229128672955
36941,310,2341.2628894486684
36942,190,783.6649914476518
36943,200,984.0009262889331
36944,200,938.3689344106041
36941,311,2325.6497032385114
36943,201,2242.8798713759065
36940,173,788.8371090310447
36942,191,783.9343156960412
36941,312,2330.0714861621464
36944,201,1047.7646986732955
36943,202,1503.2512154233782
36941,313,2343.9877217369453
36940,174,775.7051956378616
36942,192,971.2780639135336
36941,314,2329.9336436292683
36944,202,933.4691437575401
36943,203,886.226185605352
36941,315,2336.804209714762
36940,175,786.2561565180094
36942,193,781.1829514440138
36944,203,1077.8216992580683
36943,204,1435.5520658125747
36941,316,2333.6369408373025
36942,194,1338.6495440261267
36940,176,774.7083894240773
36941,317,2336.68572640908
36943,205,1501.7934460349272
36944,204,1066.5072123528983
36941,318,2341.314655048399
36942,195,780.2066518665027
36943,206,1746.845411838424
36944,205,1714.292025596554
36940,177,784.172153717841
36941,319,2361.669218186747
36941,320,2364.53074763834
36943,207,1099.8409778489156
36942,196,776.2805225582833
36944,206,935.8749889249023
36940,178,789.8789604670155
36941,321,2361.473343519402
36944,207,2292.9447992199157
36943,208,900.2517944510497
36942,197,785.0578268605111
36941,322,2362.9293676372836
36940,179,789.0949945609702
36944,208,1146.651789584113
36943,209,2227.0042983674916
36941,323,2363.6257340000557
36942,198,776.291347818926
36943,210,2236.5425566741947
36941,324,2366.4565483776328
36944,209,1473.6125567350728
36940,180,794.0764920125795
36941,325,2357.207154085565
36942,199,781.6066518665033
36943,211,1020.3914963892662
36944,210,944.6191821367894
36941,326,2363.2235946829
36940,181,797.0675451234215
36942,200,2060.97152479459
36943,212,1741.9261829373672
36941,327,2364.9366532971417
36944,211,937.9077504868361
36942,201,1546.157043426908
36940,182,797.9702096788224
36941,328,2364.726321159149
36943,213,1520.6753556361357
36941,329,2358.6984076484323
36944,212,1070.3976569813246
36942,202,781.0416689810895
36940,183,794.4156230675635
36943,214,902.3480273541669
36941,330,2360.8062557967373
36944,213,1747.8891485500678
36941,331,2361.1087414989042
36942,203,773.7573663148644
36943,215,1502.2327288650765
36940,184,791.586257118785
36941,332,2358.45379926722
36944,214,942.810137217753
36941,333,2354.793758466604
36942,204,777.6262671750188
36943,216,898.4687674611852
36940,185,791.0911658609341
36944,215,831.8800793971726
36941,334,2362.5669845520656
36943,217,1422.845199719434
36942,205,776.4560453423059
36941,335,2359.45008014936
36940,186,788.2647894471794
36944,216,944.4412233444085
36941,336,2362.8579476851264
36943,218,1094.811373024247
36942,206,960.4267832308842
36941,337,2362.9138228614215
36944,217,1525.1306473165337
36940,187,804.7427748740961
36943,219,1433.2912723471406
36941,338,2368.118775790661
36942,207,779.5066518665029
36944,218,901.1195324928165
36940,188,773.1685040746214
36941,339,2353.617112201041
36943,220,993.9083139669881
36942,208,774.3662601033662
36941,340,2366.2579426251273
36943,221,2246.2827644178155
36944,219,1062.8625753760089
36940,189,798.1826764893354
36941,341,2365.5964698770435
36942,209,777.1244978383124
36941,342,2365.8504502423825
36943,222,927.4242860434623
36944,220,940.4249580572471
36940,190,770.075664791146
36941,343,2364.4405564799467
36942,210,1052.9468228568346
36943,223,975.8043108225442
36944,221,828.533736681798
36941,344,2365.117602261946
36940,191,796.8022318366609
36943,224,2236.859450502264
36941,345,2358.146211368759
36942,211,775.8906694749202
36944,222,825.0646018553483
36941,346,2359.0845255126565
36943,225,1426.9089153647358
36940,192,782.2062003969521
36942,212,892.9997960093365
36941,347,2363.6287913331216
36944,223,949.1371735121991
36943,226,894.0832274836617
36941,348,2364.2134501397577
36940,193,796.3413498585985
36944,224,2137.387503733923
36942,213,883.0898832355404
36941,349,2369.0163984513993
36943,227,1557.7837491997957
36940,194,765.4209738436927
36941,350,2363.1516918293405
36944,225,835.2172347814644
36942,214,972.6636664742646
36941,351,2360.6743819261833
36943,228,860.3028349660165
36944,226,1075.7345078318729
36940,195,793.7037172920121
36942,215,780.2066518665032
36941,352,2364.9443465925146
36943,229,1496.4417088249638
36941,353,2361.218621455273
36944,227,947.0347766051384
36942,216,881.9310505555989
36940,196,764.1895894154206
36943,230,1427.8665633188468
36941,354,2363.298153457713
36941,355,2361.4924411563243
36944,228,950.4128338601349
36943,231,1434.0669637044343
36942,217,780.3638287638771
36940,197,777.7239399211082
36941,356,2368.1231051943937
36944,229,1478.1357656863938
36941,357,2365.696429524612
36943,232,923.6617760478036
36942,218,780.2066518665031
36940,198,792.2460373832632
36941,358,2367.5981842800556
36943,233,2246.0864662549243
36944,230,943.0776215095924
36942,219,1348.0191658486372
36941,359,2358.314617331177
36940,199,796.7105161523968
36944,231,1796.0992481695102
36943,234,897.8155016067067
36941,360,2363.596152849927
36942,220,778.6445680065743
36941,361,2359.3006379552444
36940,200,784.3905262224677
36944,232,838.1480261045714
36943,235,1102.8125418785887
36941,362,2359.2551126179637
36942,221,865.2889639291024
36944,233,1478.5511118567142
36943,236,1431.8036922965096
36941,363,2366.7412750924486
36940,201,787.9825002907207
36942,222,783.519762445606
36941,364,2361.3680177511724
36944,234,939.5776215095918
36943,237,906.1732701543198
36940,202,794.5754997351399
36941,365,2359.7687468115178
36942,223,1041.8069813681125
36941,366,2358.9353153040693
36944,235,1061.6393183327134
36943,238,1024.564257858634
36940,203,784.7933960658227
36942,224,1341.1392556684914
36941,367,2374.5145770232525
36943,239,1442.589796034354
36944,236,941.9239805827474
36941,368,2358.6041110952933
36940,204,795.39050328657
36942,225,877.9373597826809
36941,369,2356.5257845297247
36943,240,1427.6143419802972
36944,237,945.7708429751697
36941,370,2355.6423344651234
36940,205,773.6450851609931
36942,226,876.0441094616659
36944,238,1762.4974356142593
36943,241,781.2369787259829
36941,371,2362.9061474643067
36940,206,791.4926106360036
36942,227,778.6192637544214
36941,372,2356.8748271320533
36943,242,907.5892617451923
36944,239,826.0028826444769
36941,373,2358.6823614428017
36942,228,1130.8539120958353
36943,243,2240.9404256089033
36940,207,778.2748202815181
36941,374,2358.843427894702
36944,240,1148.1296853171411
36943,244,2245.08739259702
36942,229,1392.0921085684931
36941,375,2370.090441488443
36940,208,793.7539874165489
36943,245,1920.7199623511765
36944,241,936.389222102456
36941,376,2366.7864389273254
36942,230,790.4783865417318
36941,377,2356.5889764439285
36943,246,1527.7635530021173
36940,209,809.1369364228151
36944,242,833.9075456974685
36941,378,2361.322564538779
36943,247,1876.8829077884973
36942,231,798.5460766011006
36941,379,2359.1491625194353
36940,210,804.9521587896835
36944,243,1067.1164057792948
36943,248,1904.6592687208502
36941,380,2368.1017921358093
36942,232,790.0579610459246
36944,244,1486.3547592697857
36943,249,1692.2681902147763
36940,211,806.1691581425033
36941,381,2364.3958385496812
36942,233,884.4211894745586
36941,382,2362.1576394194067
36944,245,940.9776215095928
36943,250,898.5276001114356
36940,212,809.6800072226129
36941,383,2358.177776558466
36943,251,2243.7012375245176
36942,234,784.6842214032439
36944,246,941.7697044212254
36941,384,2358.6972022810514
36940,213,794.4175140197646
36943,252,1604.7790110917606
36941,385,2364.775015961999
36942,235,904.7313332770276
36944,247,1153.4760016671323
36941,386,2364.2625922769707
36940,214,804.7785220719477
36943,253,904.6497807517922
36944,248,1799.7780498992597
36941,387,2364.151698208778
36942,236,890.1664088901348
36941,388,2359.8872514549016
36940,215,799.7254692989874
36943,254,906.758175255363
36944,249,939.4466596620446
36942,237,791.6209374006579
36941,389,2356.006817902108
36943,255,1434.099601359331
36941,390,2358.911302483758
36940,216,807.9656531845553
36944,250,946.2462592585381
36942,238,900.0131806679066
36941,391,2363.1623513919712
36944,251,1813.4613880474112
36943,256,783.4877501229417
36940,217,813.4682511622029
36941,392,2363.1877473385
36942,239,892.7593928277811
36943,257,1440.3834798388557
36941,393,2362.919327294112
36944,252,937.880655992677
36940,218,807.7577035218926
36942,240,789.2272251866863
36941,394,2355.4937403535187
36943,258,1493.9413768415743
36944,253,1077.5088873867085
36941,395,2358.470541352372
36942,241,975.5298647720075
36940,219,803.3215254966208
36944,254,1598.1480341599326
36941,396,2366.0265042454257
36943,259,895.9344439321568
36942,242,1352.0686924532965
36941,397,2362.4722661191336
36943,260,1701.1498910026623
36940,220,780.159330793614
36944,255,950.7182998795739
36941,398,2358.9630199311023
36942,243,886.1601596329382
36943,261,1103.0539142657428
36941,399,2362.3915422804425
36940,221,837.2427599318164
36944,256,819.3018826095806
36941,400,2360.103098096893
36943,262,1663.5735640238906
36942,244,785.2424757469341
36944,257,1957.719820738058
36941,401,2356.3618019240967
36940,222,831.700865892766
36943,263,1436.5207283850364
36941,402,2358.203917014286
36942,245,890.8097064741428
36944,258,1140.5158607769968
36940,223,820.8486919575124
36941,403,2357.564139313492
36943,264,1498.079088028695
36944,259,1571.5182719051597
36942,246,789.5494483251916
36941,404,2360.4528606864314
36943,265,1430.2074116003782
36940,224,825.6972357429721
36941,405,2363.768849137459
36944,260,948.7097931519309
36942,247,798.009880232606
36943,266,1523.139608864069
36941,406,2363.7770326404193
36940,225,818.5478496458683
36944,261,948.9298999865078
36941,407,2364.2628710162035
36942,248,850.4522696687559
36943,267,1509.4903639413874
36941,408,2359.258592111522
36940,226,811.0029826379653
36944,262,946.6310962350453
36943,268,1435.1202736508706
36942,249,795.6550747881425
36941,409,2361.259364475686
36944,263,1744.1106286795243
36941,410,2358.8737710762034
36940,227,835.7306532329541
36943,269,1497.990907356784
36942,250,831.6662429479816
36941,411,2363.306334233826
36944,264,946.5720291961537
36943,270,929.7156193132836
36940,228,832.0717507630496
36941,412,2361.034904000659
36942,251,828.8821920977085
36941,413,2369.587191398847
36943,271,1436.9892053335072
36944,265,1069.2620070393052
36940,229,816.4304660165268
36941,414,2368.501484661603
36942,252,937.177757187513
36944,266,1147.982207732228
36943,272,928.3450113456558
36941,415,2364.2640126727115
36940,230,830.3456826831051
36942,253,1368.7304533604345
36941,416,2362.5919107674463
36943,273,1671.0600393911564
36944,267,1142.0383451468379
36941,417,2359.9237000062226
36942,254,1560.696217941234
36940,231,803.7949928049455
36943,274,898.1761585938485
36941,418,2366.7246534019896
36944,268,946.6728626392533
36942,255,923.2411161366102
36941,419,2359.9697470947494
36940,232,836.0955618824537
36943,275,1013.948427921176
36944,269,1068.0751686513765
36941,420,2355.4523117263375
36942,256,950.1500145878938
36940,233,819.9605434069704
36941,421,2360.590168852618
36943,276,1026.4995654878392
36944,270,1069.9986517552225
36941,422,2366.4449214955152
36942,257,825.7050962352325
36940,234,830.9412111661916
36941,423,2365.4652078793392
36944,271,1065.0986517552224
36943,277,629.5855082808897
36942,258,916.0071450692807
36941,424,2360.866431620377
36943,278,1500.4826474476884
36944,272,1475.4179533555962
36940,235,805.2099511138334
36941,425,2359.32719739952
36942,259,923.9229569247169
36943,279,1424.0856814169135
36941,426,2360.053894984273
36944,273,1064.3378347847636
36940,236,819.0484758817079
36941,427,2364.72449593236
36942,260,930.809821877494
36943,280,1442.5220031742565
36944,274,1486.027575067544
36941,428,2366.1862118310623
36940,237,815.5815959279906
36944,275,1759.177297498834
36941,429,2357.8856115870703
36942,261,834.790086217064
36943,281,900.4001231093862
36941,430,2361.1806475084436
36940,238,842.2292295858197
36942,262,1441.3222123100418
36944,276,816.5537205068797
36943,282,1020.3862051335911
36941,431,2364.507953713231
36944,277,2291.3506542368305
36940,239,832.2132668306938
36941,432,2360.6274744900156
36942,263,833.2100630380944
36943,283,1498.492240885292
36944,278,1578.2781164229898
36941,433,2353.703170413937
36943,284,1502.7130972707268
36940,240,833.4477483474691
36942,264,819.7074309848098
36941,434,2358.608857948118
36944,279,1062.9169944673918
36941,435,2364.936732462477
36943,285,1433.2361018797226
36940,241,837.9247886100478
36942,265,830.2280904362995
36944,280,1708.3573806092593
36941,436,2364.4656273411993
36943,286,1434.990102412217
36941,437,2354.9018618657165
36940,242,827.164431662599
36942,266,820.3409087549752
36944,281,949.7662350720847
36943,287,1431.4511908378254
36941,438,2363.2736804100527
36941,439,2357.6357198248124
36942,267,822.9868947760187
36940,243,832.4182032515746
36944,282,953.2235723389119
36943,288,1440.257814938964
36941,440,2365.532733624079
36943,289,2249.6867219885826
36942,268,827.8672726916017
36944,283,951.3445564092804
36941,441,2363.897683385716
36940,244,834.671039785166
36943,290,1444.7133963344086
36941,442,2365.2313125348637
36942,269,823.1839154767789
36944,284,938.8718183193762
36940,245,820.3011968785776
36941,443,2368.5866713810747
36943,291,1437.263231791815
36941,444,2357.662401352685
36944,285,1563.0126295421721
36942,270,929.7133632667638
36943,292,1962.0438136720188
36940,246,821.2900573251217
36944,286,946.2537735205644
36941,445,345.2173450670349
36942,271,822.2897020475457
36943,293,903.4123295146308
36940,247,827.1389595581707
36944,287,881.7433886431368
36942,272,1450.5927738383693
36943,294,1448.5404497468437
36941,446,353.9171746718209
36940,248,814.2614736753096
36944,288,1544.1875446269978
36943,295,1495.8469165514525
36942,273,933.7658866441847
36941,447,289.3843915542872
36940,249,830.1792786332991
36941,448,2342.491176815416
36944,289,949.3373600200055
36943,296,893.2170656166211
36942,274,927.6624822295881
36941,449,2354.3717015897196
36943,297,2249.5118208152285
36940,250,824.8793381367717
36944,290,1203.757076666359
36941,450,2364.4407008470007
36942,275,814.5910248458478
36943,298,920.507241568054
36941,451,2362.5633635989907
36944,291,931.9611462247021
36940,251,819.1102403732389
36942,276,818.2382782318119
36941,452,2362.8201827867
36943,299,1485.6975526568906
36944,292,1541.0574843803108
36941,453,2361.0078562980425
36940,252,799.8699770537931
36942,277,830.1089253591398
36941,454,2372.005409413476
36943,300,900.9885765679802
36944,293,948.4730749799297
36940,253,812.6131548513537
36941,455,2366.2014041754514
36942,278,817.574262120203
36943,301,1429.0705442289361
36944,294,1072.5121916378125
36941,456,2362.6055265287587
36940,254,799.4844431676305
36943,302,1696.4320938825258
36941,457,2365.480304940097
36942,279,810.0646775240162
36944,295,1134.8320397947336
36941,458,2362.2451183526146
36943,303,1429.8641673740494
36940,255,788.0811839817603
36942,280,826.6342381506266
36941,459,2362.772681048627
36944,296,842.6187843039015
36943,304,907.2395366543268
36941,460,2363.336652280077
36942,281,1499.4303448256344
36940,256,797.6263533603752
36941,461,2367.828919911252
36944,297,950.7650476207085
36943,305,906.2610813343975
36941,462,2369.175843903211
36942,282,823.6063096591355
36940,257,824.4153711006658
36944,298,945.5959102402553
36941,463,2362.409171455939
36943,306,1755.2432623389755
36942,283,823.3641834245267
36941,464,2364.3804554086546
36940,258,844.3013087850295
36943,307,1765.050093375667
36944,299,708.0449813342658
36941,465,2361.380382356438
36943,308,1752.776307543653
36942,284,810.1244790384224
36940,259,838.4457378534113
36941,466,2363.250810635498
36944,300,779.830872265245
36943,309,1434.1560658428277
36941,467,2364.6592786397714
36942,285,922.8942688647143
36940,260,835.765489403138
36944,301,1056.9182207766505
36941,468,2353.461979397994
36943,310,1499.7367137295792
36941,469,2364.7435429778507
36942,286,824.7640796726846
36940,261,838.4394464652336
36944,302,835.084480275092
36941,470,2364.28351480893
36943,311,1009.1859615027993
36942,287,820.4879454964301
36941,471,2361.571752152673
36944,303,1549.4062701007065
36940,262,818.183376169441
36943,312,926.8497862561899
36941,472,2369.1311978365306
36944,304,2136.4777012610884
36942,288,955.9121492907402
36941,473,2362.393531483006
36940,263,827.7273068387661
36943,313,1223.2464487955313
36944,305,1145.8661632625538
36941,474,2368.5416297625125
36942,289,827.0281285422612
36943,314,1449.6534696812525
36940,264,830.539568473606
36941,475,2362.08369713337
36944,306,1062.5198609284018
36943,315,1658.9339704489635
36942,290,929.9046985538914
36941,476,2368.3934769358207
36940,265,807.8862194756038
36944,307,940.5008672427518
36941,477,2366.5734843788023
36943,316,1425.6635053232087
36942,291,1003.598129360796
36941,478,2355.733479438678
36940,266,829.3946440631586
36943,317,1660.4976858184536
36944,308,825.9433511022148
36941,479,2359.3985741056817
36942,292,819.0592445697499
36941,480,2365.5366914251294
36944,309,1543.4067514151448
36940,267,836.1310125087017
36943,318,902.3669101088049
36941,481,2359.2860005296966
36942,293,824.1678303454173
36944,310,1766.0217213868932
36943,319,1440.5248563954237
36940,268,820.3382767213888
36941,482,2375.845743040313
36942,294,1005.6533631505829
36944,311,1068.1559575045592
36941,483,2364.306259438114
36943,320,1151.533892569795
36940,269,846.3919688947695
36941,484,2357.0339087525863
36944,312,1552.0473790853496
36942,295,924.3004836638653
36941,485,2357.329629729734
36943,321,930.8351812587636
36940,270,866.2045234673368
36944,313,942.4574952892299
36941,486,2365.1563746384863
36942,296,922.0535012196652
36943,322,1110.7205032302056
36941,487,2363.4245582815083
36940,271,867.3738010401723
36944,314,1385.7797237591133
36942,297,1377.1381139608739
36941,488,2356.715088719407
36943,323,1436.8208066585476
36944,315,1555.5651086551766
36940,272,885.5849334084521
36941,489,2356.9325414359228
36942,298,821.7195273574496
36943,324,907.5027061960366
36941,490,2355.873113459321
36944,316,954.9202364195887
36940,273,840.379974794506
36942,299,1094.4590477590375
36941,491,2358.4265208215697
36943,325,1491.0521174561516
36944,317,948.0819516726793
36942,300,932.9672714281841
36940,274,849.2906061282772
36943,326,902.3210845697688
36941,492,358.9261041039685
36944,318,946.798961040551
36942,301,821.742199065862
36940,275,863.0258945671746
36943,327,896.7078373956728
36941,493,375.4545865633166
36944,319,936.7994357288325
36941,494,2362.7421607300807
36942,302,837.0843661667635
36943,328,1320.4337712939907
36940,276,856.5824462260541
36941,495,2362.6979827011364
36944,320,835.5305105708936
36941,496,2365.7605431173306
36942,303,932.8105662527753
36943,329,931.2062051689909
36940,277,867.3582115832949
36941,497,2362.9028548619526
36944,321,955.7267275499074
36942,304,827.7434492460026
36943,330,879.9919218943747
36941,498,2359.692412341002
36940,278,873.4664741058822
36944,322,835.3511622467331
36941,499,2365.1273032151435
36942,305,959.75450405741
36943,331,935.0584946738816
36940,279,867.1733105256849
36941,500,2356.869490748854
36944,323,979.0993237843753
36943,332,1487.437027712354
36942,306,932.4818723642929
36940,280,848.687119754152
36944,324,930.0703615849371
36943,333,817.1671614786706
36942,307,822.2323186953083
36940,281,859.1360198594779
36943,334,2282.290510193949
36944,325,940.4724379017573
36942,308,1649.5226057478515
36943,335,1479.8794363952752
36940,282,851.1799945505983
36944,326,943.4641044782265
36942,309,913.7956445101361
36943,336,2124.5591974058475
36940,283,881.7143819929432
36944,327,1125.9099860365052
36943,337,2296.3098819770776
36942,310,922.3010613531188
36943,338,1528.6779444859665
36940,284,887.874754657926
36944,328,761.0837523814085
36942,311,1024.4374441105588
36943,339,1730.1484826827505
36940,285,939.6296985026506
36944,329,942.2329612140725
36942,312,840.3250610751669
36943,340,1026.0375845941667
36944,330,1056.9482740405858
36940,286,852.0068059360611
36942,313,922.906585361908
36943,341,939.2578745678611
36944,331,939.339769791182
36940,287,878.2992213426785
36942,314,950.4587319473895
36943,342,818.2501404064136
36944,332,1069.6889430760482
36942,315,1037.7916662672587
36940,288,906.704330257304
36943,343,962.1430678948432
36944,333,1066.4975280604026
36942,316,1050.7797795090842
36940,289,846.042400410887
36943,344,677.4328766598873
36944,334,1481.198182433769
36942,317,859.8334177912822
36940,290,852.8872762915804
36943,345,1699.0130622584663
36944,335,940.7266121154656
36942,318,1028.583203406376
36940,291,875.8620330620602
36943,346,817.4180563446134
36944,336,1483.7540147493855
36943,347,2285.0715348047584
36942,319,851.2002116640206
36944,337,1806.0833379464457
36940,292,847.3523357404525
36943,348,928.3827175885634
36942,320,945.7834314363762
36944,338,1072.077865419255
36940,293,883.0630461616819
36943,349,1385.682540082284
36942,321,867.4353411989678
36944,339,940.6194111108398
36940,294,858.6601739000979
36943,350,1344.222384251892
36944,340,1792.4777088910241
36942,322,948.5648165311983
36940,295,857.7135142349404
36943,351,1135.406312485379
36944,341,943.1023526750048
36942,323,869.535341198968
36940,296,879.8779950193789
36944,342,1567.841512843282
36943,352,969.4774660066397
36942,324,939.5885656415195
36940,297,857.090400072063
36944,343,833.3953892866533
36943,353,692.2397000480173
36942,325,864.3145916038883
36940,298,880.2183922651752
36944,344,1076.516108719961
36943,354,939.9984105574351
36942,326,1514.7930207768375
36943,355,2286.4280022001276
36944,345,1077.932585643588
36940,299,909.983795847784
36942,327,943.7188929694597
36943,356,1953.264850249568
36944,346,944.3605315034839
36940,300,848.8627079166617
36943,357,1472.7830074796177
36942,328,855.8964065523314
36944,347,945.1111739984885
36943,358,1593.705682752504
36940,301,861.264436915315
36942,329,938.5838173003378
36943,359,1536.8001854779773
36944,348,945.3180208304441
36940,302,931.930722333824
36942,330,1052.4442589335983
36944,349,2294.4399128943687
36943,360,2055.1898634457966
36944,350,2288.988774444608
36940,303,859.0948503533511
36943,361,1557.8880698043486
36942,331,861.2368467083695
36944,351,2304.4603393485468
36940,304,851.9913257958566
36944,352,2308.7568344489273
36942,332,939.4506659446766
36943,362,674.5563000405432
36944,353,2309.2297867960706
36943,363,1468.3447199675754
36940,305,847.296930123867
36942,333,867.7208015825719
36944,354,2308.9799753390894
36944,355,2302.2959675521697
36943,364,1538.8908662194563
36942,334,858.714591603888
36940,306,827.7332498596576
36944,356,2304.0634165133406
36943,365,1595.644261485831
36944,357,2305.1328534973836
36942,335,1113.4108780149188
36940,307,822.6981557394264
36944,358,2309.487338168248
36943,366,929.1301591685125
36942,336,873.5983517122695
36944,359,2300.554969829138
36940,308,840.8376457907724
36943,367,1135.0370333375186
36944,360,2293.337625370145
36942,337,867.8773241993649
36943,368,2297.466955421717
36944,361,2306.433228480136
36940,309,832.8613045158905
36943,369,1952.7255673723341
36944,362,2308.3031397164727
36942,338,857.6477950692581
36940,310,843.9778691586962
36944,363,2308.1792232262837
36943,370,1573.898369042804
36944,364,2295.5739572456064
36942,339,1040.0063928938855
36943,371,1619.5248531349991
36940,311,817.1819875197601
36944,365,2296.765755788023
36943,372,1951.9891618577967
36942,340,736.2398812470364
36944,366,2309.7167959693847
36940,312,842.012424129162
36944,367,2313.758685544922
36943,373,1710.9116409007006
36942,341,939.6092479079647
36944,368,2302.5908789675677
36940,313,826.7420802523943
36943,374,1033.2583733611189
36944,369,2304.5294811042954
36942,342,864.1381286197374
36944,370,2307.1086401361595
36943,375,1530.7668405984525
36940,314,828.5441653872791
36944,371,2307.4668173070554
36942,343,945.2788616513382
36943,376,1536.7712487375545
36944,372,2295.7930067040797
36940,315,832.7049730334826
36942,344,852.0417108972723
36944,373,2301.0997497576177
36943,377,1140.0763126767745
36940,316,810.2491657694277
36944,374,2301.1832446531434
36942,345,960.9042561988848
36943,378,1470.5564528248883
36944,375,2302.014708451726
36940,317,850.9077065592764
36944,376,2304.6771001272077
36942,346,946.829376784808
36943,379,956.5927493077622
36944,377,2300.5943795772746
36943,380,2287.7589433008025
36940,318,845.9403889751874
36942,347,1375.0878805723105
36944,378,2294.8915752142657
36943,381,2277.6506795272608
36944,379,2309.206501181978
36942,348,965.2586931476569
36940,319,842.005277796946
36943,382,1468.2965483685848
36944,380,2311.9843738571653
36944,381,2304.0694173984775
36942,349,955.533774566663
36940,320,828.2730804031521
36943,383,1527.5510401698616
36944,382,2309.8889389118
36943,384,1382.5442566786812
36942,350,862.8379285391127
36944,383,2312.833393076054
36940,321,838.2481191295511
36943,385,2292.9836296760827
36944,384,2307.1426436906777
36942,351,949.8754542014372
36943,386,2279.7374629690967
36944,385,2305.720231358051
36940,322,823.6108323901271
36944,386,2311.111279859496
36943,387,1470.780298292035
36942,352,857.7368467083699
36940,323,833.7687251869426
36944,387,2312.666282122631
36943,388,1140.2784846095008
36944,388,2307.249352963126
36942,353,863.3151754113817
36940,324,835.754893528511
36944,389,2309.234561300388
36943,389,1740.1652317249686
36942,354,1039.9857563525725
36944,390,2298.61684448948
36943,390,2294.4893573208824
36940,325,817.6522051361874
36944,391,2314.5571191824324
36942,355,855.6503520005557
36943,391,1066.0485822863454
36944,392,2332.3682127798293
36940,326,818.4294982589554
36944,393,2336.1782683633014
36943,392,1944.6526027896623
36942,356,866.5416836581542
36944,394,2332.6757449879237
36940,327,828.530201409028
36943,393,1946.3867969729417
36944,395,2335.825717845685
36942,357,858.692025968504
36943,394,2294.4765432882987
36944,396,2339.875269102303
36940,328,843.8389492304598
36943,395,2307.9443306087687
36942,358,1030.5124096114423
36944,397,2337.7382436097973
36943,396,1546.7923062584873
36940,329,839.5661486613928
36944,398,2334.633887782009
36942,359,857.3145916038881
36944,399,2335.1659498237887
36943,397,1137.6359757685332
36940,330,837.5805245531632
36944,400,2334.7171142585444
36942,360,861.6723361049751
36943,398,1552.5969645080147
36944,401,2334.232124636557
36940,331,841.5821719251941
36944,402,2328.660693407035
36943,399,1545.7232642431504
36942,361,860.6855582805681
36944,403,2329.664550731042
36940,332,856.586950423037
36943,400,1461.34418919923
36944,404,2336.303458666173
36942,362,856.8854510357982
36943,401,1537.2056149572418
36944,405,2335.983449820505
36940,333,829.1752656472077
36942,363,1213.0494346141172
36943,402,2277.8968338021846
36944,406,2329.830133767035
36940,334,904.3852912387138
36944,407,2333.7548881898433
36942,364,860.3763048274028
36943,403,1050.5123598997818
36944,408,2336.336726042449
36940,335,1038.1263497686732
36943,404,1742.7247158647501
36944,409,2333.2649541949986
36942,365,863.6145916038881
36944,410,2336.156713163795
36943,405,1143.5760533332023
36940,336,839.5239774433608
36942,366,951.2678521469342
36944,411,2331.7042078949235
36943,406,1539.7334713867883
36944,412,2335.786959708723
36940,337,829.9585836969108
36942,367,844.3502747712301
36944,413,2335.9642314435882
36943,407,1256.0837535867781
36944,414,2335.2976508232077
36940,338,832.1750147503393
36942,368,863.1215038085192
36944,415,2332.9114811686236
36943,408,1037.7661763093163
36942,369,1796.9459328275107
36944,416,2332.1195096473402
36940,339,844.4346408175828
36943,409,926.8337367298368
36944,417,2341.020085176108
36942,370,1041.8343374047518
36940,340,1012.2080620972268
36944,418,2331.860203924262
36942,371,1576.9762171082898
36943,410,925.0388365232005
36944,419,2336.97933466545
36940,341,1077.2104654653647
36943,411,2290.395086912125
36944,420,2331.325677751258
36942,372,858.8925851336843
36944,421,2333.3431238234784
36943,412,1536.3770050954597
36940,342,1113.4333133009504
36944,422,2332.5483947484713
36942,373,856.5037781133192
36943,413,1203.8818126800902
36944,423,2331.578997371316
36940,343,1092.1681490224214
36942,374,869.6845415021817
36944,424,2335.7217002299844
36943,414,1740.4549738428343
36940,344,1071.803291369195
36944,425,2333.042955658668
36943,415,2306.750524002888
36942,375,1395.9120538854768
36944,426,2331.1132483248653
36940,345,1092.102839365566
36943,416,1196.6531963470552
36944,427,2333.6858160204124
36942,376,868.9946174101517
36943,417,2322.65184397862
36944,428,2336.7222406724986
36940,346,1088.5518361691245
36943,418,2305.134869618363
36942,377,953.6983716464863
36944,429,2333.5431608609415
36943,419,1966.3908747564983
36940,347,1118.5278164564954
36944,430,2336.567037038066
36942,378,854.4119882544999
36944,431,2334.974357633914
36943,420,1968.0537712779833
36940,348,1089.7902232901336
36944,432,2338.007171751463
36942,379,965.5370862480307
36943,421,1142.1451218789189
36944,433,2335.6984218516855
36940,349,1102.9876219867153
36944,434,2330.9896694880267
36942,380,943.7793361270897
36943,422,825.9609560356223
36944,435,2327.4292933334805
36940,350,1068.351361498009
36943,423,2309.1407512512237
36942,381,962.3739384952153
36944,436,2337.1544374388914
36940,351,1067.50015627075
36943,424,1468.2453198000155
36944,437,2334.3854404102744
36942,382,860.8712320927099
36944,438,2337.6716434879486
36943,425,1485.5336783743912
36940,352,1075.4793052631585
36944,439,2337.5227787534373
36943,426,2320.0484099409528
36942,383,861.6641671040426
36944,440,2333.7637742400534
36940,353,1066.6343543593075
36943,427,2317.8534411615765
36944,441,2343.735947646827
36942,384,858.067858385669
36943,428,2313.468138661456
36940,354,1049.467093026725
36944,442,2337.483473448347
36943,429,2309.620989557383
36942,385,943.1918550780889
36944,443,2336.7590791859884
36940,355,1070.4210707047569
36943,430,1141.3270976294048
36944,444,2335.4537324702133
36942,386,866.2665500706767
36944,445,2334.9270411161892
36943,431,2318.892060228494
36940,356,1079.8182502527068
36944,446,2338.916208127468
36942,387,1033.868535433082
36943,432,1537.0254885215898
36944,447,2340.1338779082225
36940,357,1103.3797933488024
36943,433,2314.3546291476437
36942,388,948.4926280750007
36944,448,2336.2359753712144
36943,434,2305.4676798841992
36940,358,1088.582858117584
36944,449,2334.5894437527436
36942,389,1463.2535523564866
36943,435,1550.8008889823277
36944,450,2331.7745427959057
36940,359,1085.3875218319188
36942,390,1440.7146221916876
36944,451,2333.5027632741567
36943,436,949.3417317274203
36944,452,2334.17695903854
36940,360,1026.4968091542264
36942,391,855.9793796170627
36943,437,1481.7180415476207
36944,453,2339.6179406796196
36944,454,2330.4009603704103
36940,361,829.3119435922508
36942,392,851.9010775851333
36943,438,1470.093574167504
36944,455,2337.8330728974292
36943,439,2129.1249994509567
36944,456,2335.8100477348994
36940,362,832.0478956165101
36942,393,851.3142086542177
36943,440,2307.374311449616
36944,457,2334.9504049208285
36943,441,2310.456471057527
36940,363,851.2343887796267
36942,394,863.9156200962511
36944,458,2336.4133144435086
36943,442,2316.8028547115327
36944,459,2338.9722153947073
36943,443,2310.9929683186188
36942,395,954.4392904688787
36940,364,836.4430473011466
36944,460,2335.258471910374
36944,461,2338.1762667616767
36943,444,1396.9930384344875
36942,396,949.9794236351457
36940,365,830.6202786792254
36944,462,2337.8707486729936
36943,445,2290.8676345233607
36944,463,2333.130459332176
36943,446,2309.7661437169677
36942,397,864.6494927123113
36940,366,839.0826102361725
36944,464,2337.0696268943066
36943,447,1541.970068263081
36942,398,1033.8688562290004
36944,465,2332.6453002320713
36940,367,838.2305274469911
36943,448,1138.0357473308181
36944,466,2335.810786042965
36942,399,852.2204631358456
36944,467,2340.085150377718
36940,368,840.7954060445965
36943,449,1810.8731068983395
36944,468,2330.220949334864
36943,450,2315.6185434314484
36942,400,868.6008664074824
36940,369,843.1523731489884
36944,469,2335.1388683012974
36943,451,1148.8503527862035
36944,470,2337.5383015326966
36942,401,864.6430066766221
36940,370,833.7254445346472
36944,471,2336.4164741556438
36943,452,1595.5044159060408
36942,402,1427.5375322558334
36944,472,2337.375811550169
36943,453,2313.258592904346
36940,371,856.0759946753016
36944,473,2338.945042787504
36942,403,848.1450816324187
36943,454,1702.2324442904796
36944,474,2332.6246379250883
36940,372,1035.098530934951
36943,455,1712.9128735857817
36942,404,1055.0801509672283
36944,475,2335.1273396983424
36943,456,2312.505464727773
36944,476,2334.4634889841936
36940,373,1002.7817588372053
36942,405,861.1662063228015
36944,477,2334.905092719178
36943,457,1477.3100230785508
36940,374,826.431177823569
36944,478,2336.0300566660603
36943,458,2308.7670069621868
36942,406,866.7467983417284
36944,479,2338.372126071898
36943,459,2314.9413167430166
36940,375,846.0405840728159
36944,480,2330.234728033889
36942,407,858.7145916038879
36943,460,1477.4178825782599
36944,481,2329.3573879861156
36940,376,844.1619163298698
36942,408,856.3412328313831
36944,482,2331.127044557965
36943,461,1797.3658463273089
36944,483,2340.2696731813594
36943,462,2303.7523341046435
36940,377,825.4097094952282
36942,409,855.6070256329238
36944,484,2326.560950756616
36943,463,1751.0459063155606
36944,485,2339.9844487987475
36940,378,820.0720043438157
36942,410,857.3189609121414
36943,464,1562.5534697758121
36944,486,2342.8773757939803
36944,487,2336.3185835854697
36940,379,846.6798403738803
36942,411,957.1172705908059
36943,465,1486.691852368241
36944,488,2336.557258315106
36943,466,960.1760034434259
36940,380,846.9522163743364
36942,412,936.7640243748284
36944,489,2336.9040456556004
36943,467,2318.390982828963
36944,490,2335.1147829695146
36942,413,867.0607592627578
36940,381,841.9650967830493
36943,468,2311.8119030357975
36944,491,2339.2002148878614
36943,469,2313.2814805340936
36944,492,2333.7829543838106
36942,414,857.3231520240923
36940,382,834.660461938425
36944,493,2329.953849357279
36943,470,1964.9141847811577
36944,494,2341.0418194075587
36942,415,861.171929659734
36943,471,1971.5498789152111
36940,383,836.2434242890323
36944,495,2331.672005336781
36943,472,2314.4542420050816
36942,416,862.5119685899108
36944,496,2336.5568133848687
36940,384,845.4368395784255
36943,473,2311.416606452232
36944,497,2334.2326388576735
36943,474,2282.732471534566
36942,417,1402.2990291575443
36944,498,2333.4000992347806
36940,385,824.4409945205475
36943,475,2302.4038226504285
36944,499,2336.2409070760687
36942,418,944.1719073831204
36943,476,2303.756234758532
36940,386,849.806793850541
36944,500,2328.3732432296633
36943,477,1804.985045649459
36942,419,857.5441806904087
36940,387,839.204542886681
36943,478,1717.798541573292
36942,420,873.9425100746619
36943,479,1964.077109738269
36940,388,938.6615698675868
36942,421,1618.2253839501263
36943,480,2310.3323135729274
36942,422,1458.0129582612942
36940,389,1053.2585576579306
36943,481,1483.9259863466698
36943,482,2323.003608063502
36942,423,1118.726441878901
36940,390,1093.9207794850383
36943,483,2149.5182243825466
36942,424,938.3740442787631
36943,484,2296.6025568284895
36940,391,1088.610396338735
36943,485,1614.0717938500934
36942,425,868.3542218580521
36940,392,1086.2782958213822
36943,486,2303.8533351793812
36942,426,1647.3989949833528
36940,393,1068.1358495052
36943,487,1714.4194537110222
36942,427,972.1620620728921
36943,488,1549.8956635796192
36940,394,1070.2897151655025
36943,489,2306.3877438926934
36942,428,857.4501407700357
36940,395,1067.4419795627232
36943,490,2311.464510589991
36943,491,2309.9369986176466
36942,429,936.0622249800025
36940,396,980.7382762815937
36943,492,1140.6757110958008
36942,430,941.3656544940217
36940,397,843.3421247241145
36943,493,2305.6987404221773
36942,431,1456.395161491917
36943,494,2305.5295359940815
36940,398,902.4788371712889
36942,432,868.7497548215438
36943,495,1498.5759931182579
36940,399,1095.511826208958
36943,496,2305.5511148180085
36942,433,872.3924517766869
36940,400,1063.5017372321079
36943,497,1194.4280807934153
36942,434,956.7169554305882
36943,498,2309.691612299122
36940,401,1102.2896135610954
36943,499,1495.4283838560907
36942,435,866.8043838671941
36940,402,930.4634403520868
36943,500,1497.9252714647764
36942,436,860.8145916038882
36940,403,855.5765657487905
36942,437,1315.5716879243155
36940,404,886.5839209989235
36942,438,956.2678815430845
36940,405,835.4528598199419
36942,439,863.0754094947814
36940,406,826.9345225956557
36942,440,855.7292200147303
36940,407,842.048445895986
36942,441,862.2145916038883
36942,442,1045.4793442351875
36940,408,833.2777590546262
36942,443,1094.9045386454711
36940,409,846.1373259337662
36942,444,864.7495913017608
36940,410,868.1697311322215
36942,445,856.1686775866691
36940,411,1071.0154367504804
36942,446,1110.1264340580265
36940,412,1097.7754891871652
36942,447,860.1605221161934
36940,413,1102.5596510629853
36942,448,859.1862979801077
36940,414,1109.3078373558733
36942,449,868.9493535864862
36940,415,1189.1977653541542
36942,450,862.9145916038881
36940,416,1205.572457367218
36942,451,1140.635138220099
36940,417,1179.3856508123822
36942,452,1664.233289345324
36940,418,1205.4203009240246
36942,453,874.6023473985831
36940,419,1216.444641975379
36942,454,2135.9241199597204
36940,420,1207.5423935090669
36942,455,970.3018807530871
36940,421,1212.6496296904963
36942,456,1446.3316174709432
36940,422,1190.935860104885
36942,457,1433.5526008666257
36940,423,1195.5701575015821
36942,458,961.115191105749
36940,424,1266.5935725259815
36942,459,972.7506325931314
36940,425,1259.029054197875
36942,460,971.6129169839506
36940,426,1244.9047921012768
36942,461,1153.2153411658917
36940,427,1237.6372972293755
36942,462,1081.9332387783152
36940,428,1276.8132792256974
36942,463,1443.0723585696687
36940,429,1246.9714975783784
36942,464,1062.8826677368272
36940,430,1273.539290213996
36942,465,1143.4962826368671
36940,431,1266.079339630586
36942,466,953.7466666266531
36940,432,1271.7451086606961
36942,467,860.7993757956617
36940,433,1359.0622310328527
36942,468,942.435407140339
36940,434,1339.837892862379
36942,469,862.6951508182528
36940,435,1328.6261670268034
36942,470,1084.6829854157597
36940,436,1351.4806927040765
36942,471,942.281401407492
36940,437,1338.7599300647605
36942,472,944.5042819591188
36940,438,1287.5725271392982
36942,473,867.2199384285718
36940,439,1331.5524126181353
36942,474,1588.3272522173938
36940,440,1353.7090661970467
36942,475,862.5816694465029
36940,441,1325.1673294530754
36942,476,970.0229215878352
36940,442,1353.9215295558004
36942,477,1448.680890937517
36940,443,1300.5491212111267
36942,478,1141.9000397462034
36940,444,1329.772767085055
36942,479,1657.847593541427
36940,445,1292.3220432824833
36942,480,1997.5444268291462
36942,481,2193.2124992879485
36940,446,1246.946539383488
36942,482,1451.4940773172555
36940,447,1314.5343897587134
36942,483,2185.254137350713
36940,448,1242.0136262598899
36942,484,1453.63155073042
36940,449,1318.8302438830715
36942,485,972.7255698415514
36940,450,1334.5855286107887
36942,486,1122.4269415271565
36940,451,1309.8339634671097
36942,487,1158.1931851302863
36940,452,1322.6964284885985
36942,488,1148.8086147149209
36940,453,1340.4514755802295
36942,489,972.3689476316669
36940,454,1319.667650442696
36942,490,1660.4114973493367
36940,455,1378.3432861694641
36942,491,966.6946687213263
36940,456,1259.1578204414313
36942,492,1527.113528943074
36940,457,1294.1719585685662
36942,493,1047.6420667501131
36940,458,1300.0610720670031
36942,494,1448.715551749581
36940,459,1262.6738928215018
36942,495,1456.2789818463223
36940,460,1281.279275311283
36942,496,976.1200915749639
36940,461,1293.8876082168138
36942,497,1458.5993064933677
36940,462,1343.9241664973847
36942,498,1161.5676075371541
36942,499,1879.117658943931
36940,463,1325.5197179253682
36942,500,1519.6690753816908
36940,464,1328.7764680318621
36940,465,1337.7450175597803
36940,466,1361.8457251964996
36940,467,1305.085060118116
36940,468,1309.049576670954
36940,469,1379.1532561291344
36940,470,1331.5670299704977
36940,471,1364.8764236467102
36940,472,1363.5497860135458
36940,473,1265.7629945083324
36940,474,1310.3149841877948
36940,475,1340.8141740101767
36940,476,1341.8112372957705
36940,477,1327.933679009106
36940,478,1310.2376709843822
36940,479,1213.219405540213
36940,480,1316.837757291016
36940,481,1338.5916540073335
36940,482,1353.5658498313862
36940,483,1368.0587867699714
36940,484,1329.081546742116
36940,485,1259.2609102880772
36940,486,1327.209897370562
36940,487,1359.7746103868687
36940,488,1357.7477883285421
36940,489,1363.0090206148338
36940,490,1287.5910429276641
36940,491,1286.127586091705
36940,492,1273.9852465275073
36940,493,1350.902131320766
36940,494,1283.8257078008903
36940,495,1346.9593064842359
36940,496,1323.2743708345097
36940,497,1318.6280679210317
36940,498,1256.6482010570544
36940,499,1380.2614078761949
36940,500,1319.234734088325